Meter S/N: Not_Serialized,,,
Sensor S/N: x1
SUN JUN  9 16:47:37 2013,,,
Measurement,QuadDistanceX(mm),QuadDistanceY(mm),PulsePeriod(usec)

1.1E-02, 5, 0, 0
1.2E-02, 0, 5, 0
1.3E-02, -5, 0, 0
1.4E-02, 0, -5, 0

2.1E-02, 5, 5, 0
2.2E-02, -5, 5, 0
2.3E-02, -5, -5, 0
2.4E-02, 5, -5, 0

4.1E-02, 10, 10, 0
4.2E-02, -10, 10, 0
4.3E-02, -10, -10, 0
4.4E-02, 10, -10, 0

+1.8244097E-02, +5.7, +1.4,         0
+1.6343571E-02, +6.1, +2.0,         0
+7.2094039E-03, +7.7, +0.1,         0
+1.5089863E-02, +4.4, +1.6,         0
-3.3069514E-03, +4.3, +1.0,         0
+2.0169260E-02, +5.3, -1.3,         0
+2.1076743E-02, +7.9, +2.3,         0
+5.0190341E-04, +9.3, +4.7,         0
+1.6294116E-02, +4.1, +1.3,         0
+1.9403763E-02, +6.3, +2.7,         0
+1.0909155E-02, +7.2, +4.4,         0
+2.8325910E-02, +5.3, +2.7,         0
+1.1986690E-02,+10.2, +2.1,         0
+1.5520884E-02, +3.7, +2.5,         0
+1.7453298E-02,+10.3, +1.6,         0
+1.7277481E-02, +7.5, +4.0,         0
+1.3513072E-02, +6.8, -2.4,         0
+5.4775802E-03, +5.2, -1.9,         0
+2.9473320E-02, +3.7, -4.2,         0
+5.7715740E-02, +5.8, -5.3,         0
+6.4602464E-02, +4.4, -9.4,         0
+7.6090589E-02, +2.8, -8.5,         0
+1.1334877E-01, +0.6, -9.3,         0
+1.1636378E-01, +2.5,-10.3,         0
+1.2899674E-01, +1.6, -8.8,         0
+9.4170779E-02, +2.0, -8.9,         0
+8.7161988E-02, +1.7, -7.8,         0
+9.2131637E-02, +1.6, -7.7,         0
+1.0148468E-01, +1.6, -9.0,         0
+1.1480287E-01, +2.9, -8.3,         0
+1.0385194E-01, +3.0, -7.8,         0
+9.3974784E-02, +3.2, -6.2,         0
+1.0511008E-01, +4.9, -5.6,         0
+1.0706994E-01, +5.4, -4.5,         0
+1.1633288E-01, +6.4, -4.0,         0
+1.4559096E-01, +7.3, -3.7,         0
+1.9983733E-01, +7.9, -3.0,         0
+1.7405964E-01, +8.8, -2.9,         0
+1.7749928E-01, +8.8, -3.2,         0
+1.2487965E-01, +8.9, -3.5,         0
+1.1788382E-01, +7.0, -3.8,         0
+1.0042538E-01, +5.5, -4.9,         0
+1.4492214E-01, +4.9, -5.5,         0
+1.4036770E-01, +4.7, -5.2,         0
+1.1101926E-01, +4.0, -5.5,         0
+9.7213961E-02, +2.7, -6.1,         0
+1.1055113E-01, +3.1, -6.4,         0
+1.1455695E-01, +2.7, -6.1,         0
+1.2900583E-01, +2.7, -5.8,         0
+1.1253969E-01, +2.8, -7.0,         0
+1.1850464E-01, +3.3, -7.2,         0
+1.3538338E-01, +3.0, -5.9,         0
+1.2814416E-01, +3.3, -6.5,         0
+1.4186551E-01, +2.7, -5.8,         0
+1.2192867E-01, +2.7, -5.8,         0
+1.2714484E-01, +2.7, -5.6,         0
+1.1196977E-01, +2.2, -5.7,         0
+1.4172569E-01, +1.9, -6.1,         0
+1.0494656E-01, +2.4, -6.2,         0
+1.2364713E-01, +1.7, -5.9,         0
+1.3639903E-01, +2.0, -5.9,         0
+1.1732534E-01, +2.1, -5.9,         0
+1.2893605E-01, +2.4, -5.9,         0
+1.2362388E-01, +2.8, -5.2,         0
+1.1938377E-01, +3.1, -4.7,         0
+1.2106425E-01, +2.8, -3.8,         0
+1.1209948E-01, +2.0, -4.3,         0
+1.0618960E-01, +3.0, -4.4,         0
+1.3863871E-01, +3.2, -4.0,         0
+1.1463585E-01, +2.3, -4.0,         0
+1.1772540E-01, +2.3, -4.0,         0
+1.2961444E-01, +3.6, -4.3,         0
+1.2802771E-01, +3.2, -4.2,         0
+1.3278599E-01, +2.7, -4.3,         0
+1.1298530E-01, +3.2, -4.5,         0
+1.4021385E-01, +2.5, -2.8,         0
+1.2169066E-01, +2.2, -4.3,         0
+1.3247277E-01, +3.1, -3.5,         0
+1.0860112E-01, +3.0, -4.5,         0
+1.1226981E-01, +2.8, -3.6,         0
+1.2688228E-01, +3.2, -4.4,         0
+1.3174003E-01, +2.7, -3.3,         0
+1.3223881E-01, +3.0, -3.5,         0
+1.3403009E-01, +2.3, -3.0,         0
+1.3435562E-01, +3.0, -4.0,         0
+1.3437636E-01, +3.9, -4.1,         0
+1.4248750E-01, +3.8, -3.8,         0
+1.2081508E-01, +3.3, -3.7,         0
+1.2212059E-01, +2.9, -3.3,         0
+1.1653585E-01, +2.8, -3.9,         0
+1.3462657E-01, +2.0, -4.5,         0
+1.2930140E-01, +2.8, -4.9,         0
+1.4223792E-01, +2.8, -4.4,         0
+1.2500109E-01, +3.2, -4.6,         0
+1.1313293E-01, +2.6, -4.2,         0
+1.1378039E-01, +3.0, -4.5,         0
+1.2985948E-01, +3.7, -4.5,         0
+1.2547998E-01, +3.5, -3.4,         0
+1.2310146E-01, +3.7, -4.3,         0
+1.2050654E-01, +3.0, -4.1,         0
+1.3336991E-01, +3.9, -3.6,         0
+1.2873209E-01, +3.6, -4.4,         0
+1.1707252E-01, +3.9, -3.9,         0
+1.2290120E-01, +4.8, -3.5,         0
+1.2554726E-01, +4.3, -2.8,         0
+1.3274378E-01, +5.2, -3.3,         0
+1.4337753E-01, +4.9, -3.0,         0
+1.3507782E-01, +4.6, -3.0,         0
+1.6194624E-01, +6.6, -1.9,         0
+1.5346502E-01, +6.3, -2.4,         0
+8.4177710E-02, +5.1, -2.3,         0
+6.0637351E-02, +4.2, -1.2,         0
+6.2736467E-02, +5.6, -1.1,         0
+6.0966574E-02, +5.1, -1.4,         0
+7.6392613E-02, +4.5, -3.8,         0
+1.1188801E-01, +2.6, -4.6,         0
+1.1586224E-01, +2.2, -5.4,         0
+1.2205686E-01, +1.0, -5.6,         0
+1.1607287E-01, +0.7, -5.0,         0
+1.2125412E-01, +1.1, -5.6,         0
+1.0088069E-01, +1.8, -5.9,         0
+1.0778963E-01, +1.8, -5.4,         0
+1.2625884E-01, +2.4, -5.5,         0
+1.1612867E-01, +2.6, -5.0,         0
+1.2084742E-01, +2.4, -5.3,         0
+1.1875731E-01, +2.5, -5.4,         0
+1.1113311E-01, +3.3, -5.5,         0
+1.2453752E-01, +3.3, -4.9,         0
+1.3010184E-01, +3.1, -4.7,         0
+1.3763778E-01, +3.5, -4.5,         0
+1.2544993E-01, +3.3, -4.5,         0
+1.2895560E-01, +3.1, -4.4,         0
+1.3235098E-01, +3.0, -4.7,         0
+1.2064424E-01, +3.3, -4.9,         0
+1.2752874E-01, +3.6, -4.6,         0
+1.3451540E-01, +3.4, -4.1,         0
+1.3085391E-01, +3.1, -5.0,         0
+1.2784421E-01, +3.5, -4.6,         0
+1.2587368E-01, +3.3, -4.2,         0
+1.2393323E-01, +4.2, -4.3,         0
+1.2365974E-01, +4.2, -4.1,         0
+1.2377364E-01, +4.4, -4.0,         0
+1.3740550E-01, +4.8, -3.8,         0
+1.4048709E-01, +4.9, -3.4,         0
+1.3731116E-01, +5.5, -3.4,         0
+1.3909352E-01, +5.0, -3.7,         0
+1.3307452E-01, +5.3, -3.1,         0
+1.3235246E-01, +6.0, -3.3,         0
+1.3151021E-01, +6.0, -3.4,         0
+1.3236032E-01, +6.6, -3.3,         0
+1.3630497E-01, +6.2, -3.3,         0
+1.3727315E-01, +6.1, -2.9,         0
+1.4217961E-01, +6.2, -2.6,         0
+1.2742843E-01, +6.5, -2.6,         0
+1.2927401E-01, +7.7, -2.7,         0
+1.3606901E-01, +6.6, -3.0,         0
+1.2808850E-01, +6.2, -2.8,         0
+1.3091412E-01, +6.5, -2.5,         0
+1.2885471E-01, +6.8, -2.3,         0
+1.3044962E-01, +7.2, -2.4,         0
+1.2731746E-01, +7.2, -2.1,         0
+1.3006951E-01, +7.0, -2.3,         0
+1.3576464E-01, +7.0, -2.1,         0
+1.2298989E-01, +7.2, -2.2,         0
+1.4538915E-01, +6.7, -2.4,         0
+1.3465038E-01, +7.4, -1.7,         0
+1.3742952E-01, +7.2, -1.8,         0
+1.3671178E-01, +7.2, -1.7,         0
+1.4544304E-01, +7.0, -1.6,         0
+1.3405506E-01, +7.5, -1.5,         0
+1.1282019E-01, +8.0, -2.1,         0
+1.3146210E-01, +7.7, -1.9,         0
+1.4665502E-01, +7.3, -1.2,         0
+1.3928911E-01, +7.7, -1.3,         0
+1.3131215E-01, +7.9, -1.6,         0
+1.4142354E-01, +7.8, -1.5,         0
+1.4292231E-01, +7.6, -1.7,         0
+1.3499534E-01, +8.6, -1.3,         0
+1.3920675E-01, +8.6, -1.7,         0
+1.7268926E-01, +9.6, -1.0,         0
+1.5179624E-01, +9.2, -0.7,         0
+1.1781871E-01, +9.1, -1.0,         0
+1.4228959E-01, +8.9, -0.7,         0
+1.1390349E-01, +9.0, -0.6,         0
+1.2295132E-01, +8.5, -0.7,         0
+1.2277649E-01, +9.1, -1.1,         0
+1.3359730E-01, +8.9, -0.4,         0
+1.1451737E-01, +8.8, -0.3,         0
+1.4014998E-01, +8.0, -0.6,         0
+1.4014778E-01, +8.6, -0.4,         0
+1.3023046E-01, +8.8, -0.3,         0
+1.2917715E-01, +8.0, -0.8,         0
+1.3013797E-01, +8.3, -0.8,         0
+1.2244285E-01, +8.2, -0.3,         0
+1.3135514E-01, +8.0, -0.7,         0
+1.1321928E-01, +8.4, -0.7,         0
+1.3668653E-01, +7.9, -0.9,         0
+1.3537212E-01, +8.5, -0.4,         0
+1.3535058E-01, +8.8, -0.4,         0
+1.5008858E-01, +8.3, -0.9,         0
+1.3772580E-01, +8.4, -0.8,         0
+1.4143349E-01, +7.6, -0.5,         0
+1.3017853E-01, +8.7, -0.6,         0
+1.4486825E-01, +8.5, -0.3,         0
+1.1831408E-01, +8.4, -0.6,         0
+1.3861291E-01, +8.5, -0.3,         0
+1.2057315E-01, +9.1, -1.1,         0
+1.3597879E-01, +7.8, -0.9,         0
+1.5209460E-01, +7.7, -0.9,         0
+1.3493302E-01, +8.2, -0.8,         0
+1.3843335E-01, +7.7, -0.6,         0
+1.1537386E-01, +8.1, -1.0,         0
+1.3324983E-01, +7.8, -0.4,         0
+1.2247933E-01, +8.6, -0.2,         0
+1.3537391E-01, +9.1, -1.4,         0
+1.4476435E-01, +8.3, -0.3,         0
+1.5739480E-01, +8.2, -0.4,         0
+1.3537395E-01, +8.9, -0.5,         0
+1.3294883E-01, +8.3, -1.0,         0
+1.3512099E-01, +8.5, -1.0,         0
+1.3527042E-01, +8.6, -0.3,         0
+1.3526605E-01, +8.7, -0.2,         0
+1.4851202E-01, +8.1, -0.5,         0
+1.3335931E-01, +8.8, -0.9,         0
+1.3564180E-01, +8.6, -1.0,         0
+1.3195296E-01, +8.9, -1.1,         0
+1.3783884E-01, +8.9, -0.8,         0
+1.2445334E-01, +8.8, -0.3,         0
+1.2625782E-01, +8.9, -0.9,         0
+1.2996852E-01, +9.4, -0.3,         0
+1.3370706E-01, +8.7, -0.5,         0
+1.4197512E-01, +9.3, -0.4,         0
+1.3489911E-01, +8.9, -1.0,         0
+1.4194028E-01, +8.9, -1.4,         0
+1.3975696E-01, +8.8, -1.0,         0
+1.3972783E-01, +8.9, -0.7,         0
+1.3991971E-01, +9.4, -0.2,         0
+1.3252737E-01, +9.4, -0.2,         0
+1.4907041E-01, +8.8, -0.7,         0
+1.2764747E-01, +8.8, -0.6,         0
+1.3145107E-01, +8.7, -0.4,         0
+1.2057759E-01, +8.6, -0.6,         0
+1.2860669E-01, +7.7, -1.1,         0
+9.9251844E-02, +7.9, -1.0,         0
+1.1298555E-01, +8.0, -0.1,         0
+1.2133438E-01, +7.4, -1.8,         0
+1.2013867E-01, +6.9, -1.5,         0
+1.0963234E-01, +6.9, -2.3,         0
+1.1095610E-01, +6.5, -1.7,         0
+1.2546304E-01, +5.9, -1.7,         0
+1.1045609E-01, +5.8, -2.1,         0
+1.1390928E-01, +6.1, -2.1,         0
+1.3307756E-01, +5.2, -1.7,         0
+9.8172799E-02, +4.8, -2.3,         0
+1.3827512E-01, +5.1, -2.4,         0
+1.3756523E-01, +6.0, -2.3,         0
+1.4206387E-01, +5.9, -2.1,         0
+1.2599543E-01, +5.9, -2.6,         0
+1.4098042E-01, +5.6, -2.6,         0
+1.3469066E-01, +5.8, -2.9,         0
+1.2800384E-01, +5.9, -2.3,         0
+1.3913530E-01, +6.1, -2.5,         0
+1.2907769E-01, +6.0, -2.5,         0
+1.2882899E-01, +6.0, -2.4,         0
+1.1394994E-01, +6.3, -2.5,         0
+1.2729906E-01, +6.3, -2.1,         0
+1.3018577E-01, +6.1, -1.9,         0
+1.3919353E-01, +6.7, -2.4,         0
+1.3180836E-01, +6.1, -2.0,         0
+1.3389169E-01, +6.0, -2.5,         0
+1.2884048E-01, +6.5, -1.6,         0
+1.4100139E-01, +5.9, -1.5,         0
+1.3388696E-01, +6.2, -1.8,         0
+1.3090634E-01, +6.6, -1.7,         0
+1.3355778E-01, +6.4, -1.7,         0
+1.4432478E-01, +6.5, -1.9,         0
+1.2949204E-01, +6.5, -2.0,         0
+1.3179903E-01, +6.5, -1.7,         0
+1.3181511E-01, +6.9, -1.8,         0
+1.2993591E-01, +6.6, -1.8,         0
+1.2900114E-01, +6.5, -1.9,         0
+1.2296350E-01, +6.9, -2.0,         0
+1.3396794E-01, +6.8, -1.9,         0
+1.1843218E-01, +6.8, -2.5,         0
+1.3010111E-01, +6.0, -1.8,         0
+1.1871704E-01, +6.9, -1.7,         0
+1.4064047E-01, +6.2, -2.2,         0
+1.2504435E-01, +6.2, -2.0,         0
+1.2522262E-01, +7.2, -2.3,         0
+1.2673809E-01, +6.3, -2.5,         0
+1.2347025E-01, +6.4, -2.5,         0
+1.1213605E-01, +6.4, -2.2,         0
+1.3060442E-01, +6.3, -2.2,         0
+1.4802325E-01, +6.4, -1.8,         0
+1.2954280E-01, +6.9, -1.7,         0
+1.3955557E-01, +6.6, -2.1,         0
+1.2129521E-01, +6.8, -2.0,         0
+1.3497613E-01, +6.3, -2.3,         0
+1.3185506E-01, +6.5, -1.9,         0
+1.3593426E-01, +6.7, -2.5,         0
+1.3594070E-01, +6.5, -2.2,         0
+1.3117671E-01, +6.8, -2.2,         0
+1.1524824E-01, +6.6, -2.2,         0
+1.1552450E-01, +6.7, -2.1,         0
+1.2866829E-01, +6.0, -2.2,         0
+1.2160064E-01, +6.2, -2.1,         0
+1.4820288E-01, +6.1, -1.7,         0
+1.2583224E-01, +6.5, -2.5,         0
+1.1940702E-01, +6.2, -1.9,         0
+1.3262676E-01, +6.2, -2.6,         0
+1.2032720E-01, +6.5, -2.5,         0
+1.5197857E-01, +6.2, -2.1,         0
+1.3613762E-01, +6.3, -2.6,         0
+1.2322070E-01, +6.5, -2.2,         0
+1.3254589E-01, +6.4, -2.3,         0
+1.5958975E-01, +6.1, -2.1,         0
+1.1482511E-01, +6.1, -2.6,         0
+1.3097277E-01, +6.2, -2.5,         0
+1.2358800E-01, +6.4, -2.1,         0
+1.3039672E-01, +6.6, -2.1,         0
+1.1651565E-01, +6.5, -2.7,         0
+1.3164917E-01, +6.5, -2.2,         0
+1.2591605E-01, +6.3, -2.2,         0
+1.2900241E-01, +6.9, -2.3,         0
+1.1720730E-01, +6.7, -2.7,         0
+1.2377837E-01, +6.2, -2.5,         0
+1.3407215E-01, +6.7, -2.4,         0
+1.3679819E-01, +6.9, -1.9,         0
+1.3424559E-01, +6.6, -2.7,         0
+1.4215066E-01, +6.5, -2.3,         0
+1.2630217E-01, +6.4, -2.0,         0
+1.3411149E-01, +6.9, -2.0,         0
+1.3079704E-01, +6.8, -2.0,         0
+1.2696356E-01, +6.5, -2.5,         0
+1.2114282E-01, +7.0, -2.0,         0
+1.4047363E-01, +6.7, -2.7,         0
+1.3284624E-01, +6.4, -2.3,         0
+1.2276598E-01, +6.7, -2.4,         0
+1.3682202E-01, +6.6, -2.2,         0
+1.2412166E-01, +6.4, -2.6,         0
+1.2711698E-01, +6.9, -3.1,         0
+1.2476398E-01, +7.0, -2.3,         0
+1.2720041E-01, +7.2, -2.3,         0
+1.3957602E-01, +6.6, -3.0,         0
+1.1015787E-01, +6.6, -3.0,         0
+1.2346803E-01, +6.6, -2.9,         0
+1.3806328E-01, +6.9, -2.6,         0
+1.4003806E-01, +7.4, -2.4,         0
+1.3854101E-01, +6.7, -2.9,         0
+1.2695129E-01, +7.6, -2.4,         0
+1.4271621E-01, +7.3, -2.4,         0
+1.3763893E-01, +7.8, -2.0,         0
+1.3562495E-01, +7.8, -1.7,         0
+1.2958986E-01, +7.4, -2.3,         0
+1.3387279E-01, +7.2, -2.3,         0
+1.2868087E-01, +7.4, -2.0,         0
+1.3192505E-01, +7.5, -1.9,         0
+1.2779759E-01, +7.7, -1.9,         0
+1.2316053E-01, +7.4, -2.7,         0
+1.3721949E-01, +7.4, -2.2,         0
+1.3116595E-01, +7.8, -1.9,         0
+1.3120644E-01, +7.1, -1.7,         0
+1.3096763E-01, +8.1, -1.5,         0
+1.3132721E-01, +7.7, -1.8,         0
+1.3156618E-01, +7.6, -1.8,         0
+1.2572704E-01, +7.5, -1.1,         0
+1.2656812E-01, +7.6, -2.0,         0
+1.2465943E-01, +7.9, -1.5,         0
+1.2955858E-01, +8.6, -1.4,         0
+1.4192569E-01, +8.5, -1.7,         0
+1.4013730E-01, +8.3, -1.7,         0
+1.5409316E-01, +8.1, -1.8,         0
+1.4178367E-01, +8.5, -1.4,         0
+1.5567538E-01, +8.7, -1.8,         0
+1.5801990E-01, +9.5, -2.3,         0
+1.5795495E-01, +9.6, -2.0,         0
+1.5235338E-01, +9.2, -1.7,         0
+1.4008480E-01, +9.5, -2.3,         0
+1.3803172E-01, +9.4, -1.7,         0
+1.2685543E-01, +9.4, -2.1,         0
+1.2970568E-01, +9.8, -2.2,         0
+1.3781373E-01, +9.3, -1.7,         0
+1.1729205E-01, +9.6, -1.8,         0
+1.4948232E-01, +9.5, -2.4,         0
+1.2839657E-01,+10.0, -2.5,         0
+1.3243331E-01,+10.2, -2.4,         0
+1.1245557E-01,+10.3, -2.4,         0
+1.4201722E-01, +9.0, -2.5,         0
+1.2017731E-01, +9.9, -2.5,         0
+1.1933727E-01, +9.8, -1.9,         0
+1.4275405E-01, +9.8, -2.1,         0
+1.2031611E-01,+10.3, -1.8,         0
+1.2494962E-01,+10.3, -2.2,         0
+1.4814278E-01,+10.1, -1.7,         0
+1.4213385E-01,+10.3, -2.1,         0
+1.2990648E-01, +9.5, -2.6,         0
+1.1708779E-01,+10.2, -2.0,         0
+1.0960986E-01,+10.3, -2.5,         0
+1.2721454E-01,+10.2, -2.6,         0
+1.1228270E-01,+10.3, -2.7,         0
+1.2027278E-01, +9.8, -2.1,         0
+1.1421323E-01, +9.8, -2.4,         0
+1.2701170E-01, +9.3, -1.8,         0
+1.3035020E-01, +9.8, -1.9,         0
+1.1630827E-01, +9.8, -3.3,         0
+1.3021265E-01,+10.1, -2.5,         0
+1.0331526E-01,+10.1, -2.4,         0
+1.1902892E-01, +9.3, -2.4,         0
+1.0911746E-01, +9.0, -1.9,         0
+1.0441592E-01, +9.6, -3.0,         0
+8.3815247E-02, +9.6, -2.4,         0
+1.0372517E-01, +9.3, -2.0,         0
+9.9946938E-02, +9.3, -2.0,         0
+1.1360639E-01, +9.5, -2.3,         0
+1.2474288E-01, +9.9, -3.1,         0
+1.1848553E-01, +9.5, -2.6,         0
+1.0677882E-01, +9.6, -3.0,         0
+1.1598771E-01, +9.4, -2.1,         0
+1.2144171E-01, +9.8, -2.5,         0
+1.1923617E-01, +9.2, -3.4,         0
+1.1828087E-01, +9.5, -3.2,         0
+1.1994636E-01, +9.7, -2.9,         0
+1.1918832E-01, +9.7, -3.1,         0
+1.2553741E-01, +8.9, -2.9,         0
+1.2842524E-01, +8.7, -2.7,         0
+1.2234621E-01, +9.3, -2.6,         0
+1.1373001E-01,+10.3, -3.5,         0
+1.2648959E-01, +9.9, -2.7,         0
+1.2203161E-01, +9.6, -3.0,         0
+1.2727191E-01, +9.0, -3.8,         0
+1.1548428E-01, +9.5, -3.5,         0
+1.2235602E-01, +8.7, -2.8,         0
+1.2221884E-01, +9.3, -3.0,         0
+1.0945497E-01, +9.3, -2.9,         0
+1.1892068E-01, +9.3, -3.7,         0
+1.0967267E-01, +8.7, -3.1,         0
+1.0954437E-01, +8.9, -3.4,         0
+1.1805484E-01, +8.1, -3.9,         0
+1.2504512E-01, +8.1, -4.8,         0
+1.2061178E-01, +7.3, -5.6,         0
+1.1820416E-01, +7.1, -5.1,         0
+1.0635722E-01, +5.8, -4.9,         0
+9.3847111E-02, +5.6, -5.7,         0
+7.1081266E-02, +5.3, -4.8,         0
+9.0439558E-02, +5.0, -5.0,         0
+1.1014962E-01, +5.7, -5.7,         0
+1.2442929E-01, +5.8, -5.1,         0
+1.1433268E-01, +6.0, -6.1,         0
+1.2319619E-01, +6.1, -5.5,         0
+1.1621738E-01, +6.1, -5.6,         0
+1.2382562E-01, +5.6, -5.9,         0
+1.1036693E-01, +5.6, -6.9,         0
+1.0977207E-01, +5.7, -6.2,         0
+1.2653926E-01, +4.8, -6.2,         0
+1.1885750E-01, +5.4, -6.4,         0
+1.1268658E-01, +5.3, -6.1,         0
+1.0624491E-01, +5.8, -6.0,         0
+9.9167123E-02, +6.2, -5.6,         0
+1.0928101E-01, +6.0, -5.4,         0
+1.0636035E-01, +6.7, -4.9,         0
+1.2236835E-01, +6.4, -4.9,         0
+1.2120355E-01, +6.1, -5.6,         0
+1.2379136E-01, +5.9, -4.9,         0
+1.0393997E-01, +5.7, -5.3,         0
+1.2119054E-01, +5.5, -5.3,         0
+1.3510242E-01, +5.7, -5.0,         0
+1.4664868E-01, +6.4, -4.7,         0
+1.4195848E-01, +6.7, -4.3,         0
+1.2767227E-01, +6.7, -4.8,         0
+1.3882394E-01, +7.1, -4.0,         0
+1.2200443E-01, +7.4, -4.0,         0
+1.2864189E-01, +6.7, -4.6,         0
+1.2287264E-01, +6.8, -4.6,         0
+1.1185634E-01, +6.4, -4.8,         0
+1.1163019E-01, +5.6, -5.1,         0
+1.0950229E-01, +5.1, -5.5,         0
+1.2414971E-01, +4.1, -5.5,         0
+1.3726270E-01, +4.3, -6.0,         0
+1.4571944E-01, +5.9, -4.9,         0
+1.2173412E-01, +6.2, -3.9,         0
+1.0345305E-01, +7.0, -2.8,         0
+1.0047234E-01, +7.7, -2.3,         0
+9.5455565E-02, +7.5, -2.4,         0
+8.8873841E-02, +7.2, -2.1,         0
+8.0035761E-02, +7.2, -1.4,         0
+6.7628883E-02, +5.4, -1.4,         0
+4.5607135E-02, +5.0, -1.4,         0
+4.2258237E-02, +4.1, -0.8,         0
+4.4113040E-02, +4.0, -0.9,         0
+9.6464492E-02, +4.2, -1.2,         0
+1.1854235E-01, +3.3, -2.8,         0
+1.3926528E-01, +3.7, -4.0,         0
+1.2626377E-01, +3.8, -5.7,         0
+1.4441341E-01, +2.0, -6.1,         0
+1.4461704E-01, +2.2, -6.8,         0
+1.4088054E-01, +1.8, -6.7,         0
+1.1558457E-01, +1.6, -7.0,         0
+1.1831626E-01, +0.6, -6.3,         0
+8.6837806E-02, +0.3, -6.2,         0
+8.6331300E-02, +2.0, -5.3,         0
+7.8337200E-02, +2.7, -4.6,         0
+8.7347597E-02, +3.7, -3.5,         0
+1.0935228E-01, +4.4, -2.6,         0
+1.2749738E-01, +5.7, -1.5,         0
+1.3897036E-01, +6.0, -1.0,         0
+1.2775163E-01, +6.0, -1.0,         0
+1.1118380E-01, +6.3, -0.6,         0
+1.0622554E-01, +5.9, -0.8,         0
+1.1016984E-01, +5.4, -0.2,         0
+1.1953474E-01, +4.3, +0.7,         0
+1.0727315E-01, +2.7, +1.6,         0
+1.3933241E-01, +3.1, +1.9,         0
+1.2680434E-01, +1.9, +2.7,         0
+1.4442171E-01, +1.5, +2.7,         0
+1.3309273E-01, +1.2, +2.6,         0
+1.4519405E-01, +1.2, +2.5,         0
+1.5516293E-01, +1.6, +2.7,         0
+1.3517992E-01, +1.6, +2.2,         0
+1.3900696E-01, +1.5, +2.0,         0
+1.5313391E-01, +1.5, +2.3,         0
+1.4536582E-01, +1.3, +2.3,         0
+1.6522372E-01, +1.4, +2.4,         0
+1.4971256E-01, +1.8, +1.8,         0
+1.4947589E-01, +1.5, +1.8,         0
+1.6329971E-01, +2.0, +1.9,         0
+1.5262139E-01, +2.0, +2.3,         0
+1.4528167E-01, +1.4, +2.0,         0
+1.5834653E-01, +2.2, +2.0,         0
+1.4590746E-01, +1.8, +2.1,         0
+1.5598698E-01, +1.7, +1.8,         0
+1.6005459E-01, +1.6, +1.4,         0
+1.4699183E-01, +1.6, +1.3,         0
+1.6250069E-01, +1.6, +0.7,         0
+1.6151457E-01, +1.5, +1.2,         0
+1.5591663E-01, +1.2, +0.1,         0
+1.6530865E-01, +1.7, +0.5,         0
+1.6008995E-01, +1.1, -0.3,         0
+1.5037921E-01, +1.0, -0.1,         0
+1.3565598E-01, +0.6, -0.2,         0
+1.5458702E-01, +0.7, -0.3,         0
+1.4500278E-01, +0.5, +0.1,         0
+1.3015187E-01, +0.7, -0.3,         0
+1.4239046E-01, +0.4, +0.8,         0
+1.5385497E-01, +1.0, +0.8,         0
+1.5694383E-01, +1.7, +0.5,         0
+1.4836566E-01, +1.6, +0.6,         0
+1.4804229E-01, +2.0, +0.4,         0
+1.7327727E-01, +2.0, +0.9,         0
+1.5622026E-01, +2.2, +1.1,         0
+1.5148470E-01, +1.9, +0.7,         0
+1.5712482E-01, +2.4, +0.8,         0
+1.6823259E-01, +2.3, +1.2,         0
+1.6512600E-01, +2.4, +0.8,         0
+1.4983547E-01, +2.4, +1.0,         0
+1.6647740E-01, +2.0, +1.1,         0
+1.6533461E-01, +2.1, +0.6,         0
+1.6960458E-01, +2.2, +1.0,         0
+1.6684704E-01, +2.3, +0.7,         0
+1.5519507E-01, +2.2, +0.5,         0
+1.5276952E-01, +2.4, +1.0,         0
+1.6436596E-01, +2.8, +0.6,         0
+1.5742894E-01, +2.3, +1.0,         0
+1.5987113E-01, +2.3, +1.1,         0
+1.6165517E-01, +2.0, +1.2,         0
+1.5176436E-01, +1.2, +2.2,         0
+1.5771103E-01, +1.2, +1.9,         0
+1.5136065E-01, +0.6, +2.3,         0
+1.5008810E-01, +0.5, +2.5,         0
+1.4965919E-01, +0.8, +2.5,         0
+1.4658861E-01, +0.6, +2.4,         0
+1.4965869E-01, +0.3, +2.4,         0
+1.5125048E-01, +0.3, +2.8,         0
+1.5436953E-01, +0.4, +2.5,         0
+1.4481664E-01, +0.2, +2.6,         0
+1.5063915E-01, +0.2, +2.4,         0
+1.4060661E-01, +0.2, +2.6,         0
+1.4323844E-01, +0.2, +2.8,         0
+1.5092516E-01, +0.5, +2.7,         0
+1.4433935E-01, -0.0, +2.5,         0
+1.5890178E-01, +0.4, +2.2,         0
+1.4515747E-01, +0.0, +2.6,         0
+1.5094686E-01, -0.1, +2.5,         0
+1.6578950E-01, +0.1, +2.2,         0
+1.3781838E-01, -0.2, +2.3,         0
+1.4016163E-01, +0.1, +2.3,         0
+1.3503966E-01, +0.5, +2.3,         0
+1.2145010E-01, +0.7, +2.1,         0
+1.3077518E-01, +1.6, +1.6,         0
+1.4472452E-01, +2.9, +1.2,         0
+1.4117128E-01, +2.6, +1.3,         0
+1.3067065E-01, +2.9, +0.8,         0
+1.5159240E-01, +4.1, +1.0,         0
+1.4039044E-01, +4.5, +0.8,         0
+1.3960825E-01, +4.9, -0.1,         0
+1.6284914E-01, +4.2, -1.4,         0
+1.3526252E-01, +3.2, -2.7,         0
+1.6492218E-01, +3.4, -4.2,         0
+1.6065589E-01, +2.9, -4.8,         0
+1.5615708E-01, +3.3, -5.2,         0
+1.3864754E-01, +3.0, -5.1,         0
+1.2977616E-01, +3.1, -5.6,         0
+1.1570954E-01, +3.5, -5.6,         0
+7.8533828E-02, +3.4, -5.2,         0
+4.3837331E-02, +3.7, -3.6,         0
+6.0042523E-02, +3.5, -1.2,         0
+4.2893853E-02, +3.3, -1.3,         0
+4.5576237E-02, +3.6, -0.7,         0
+2.3270765E-02, +3.6, -0.3,         0
+4.1724995E-02, +3.8, -1.7,         0
+5.2055154E-02, +2.7, -1.9,         0
+5.7503827E-02, +1.6, -1.5,         0
+4.3479264E-02, +2.3, -0.2,         0
+1.0206697E-01, +3.1, +2.6,         0
+1.4505544E-01, +4.7, +3.5,         0
+1.2720886E-01, +5.1, +3.2,         0
+1.2700945E-01, +6.6, +2.8,         0
+1.5270555E-01, +8.5, +2.1,         0
+1.4456059E-01, +9.2, +1.4,         0
+1.3794129E-01, +8.9, +1.6,         0
+1.4486365E-01, +8.7, +0.5,         0
+1.6122183E-01, +8.3, -0.9,         0
+1.4586586E-01, +8.4, -1.8,         0
+1.3079239E-01, +9.0, -1.4,         0
+1.1398286E-01, +8.4, -1.0,         0
+9.7771831E-02, +8.1, -1.0,         0
+1.0441880E-01, +7.9, -1.4,         0
+1.1675534E-01, +7.9, -1.6,         0
+1.0267096E-01, +8.0, -1.3,         0
+1.1525104E-01, +8.0, -1.2,         0
+1.1581811E-01, +7.5, -0.7,         0
+9.4184279E-02, +7.8, -0.5,         0
+9.5132455E-02, +6.8, -1.1,         0
+1.0088007E-01, +5.2, -0.9,         0
+9.2867151E-02, +5.8, -0.3,         0
+1.1219951E-01, +4.8, -0.7,         0
+9.8632157E-02, +4.6, -0.2,         0
+1.0876697E-01, +2.7, -0.0,         0
+1.1968836E-01, +3.3, +0.6,         0
+1.2068035E-01, +2.9, +0.1,         0
+1.1484182E-01, +3.8, +0.7,         0
+1.1733916E-01, +3.5, +1.0,         0
+1.2322669E-01, +3.0, +0.7,         0
+1.2955077E-01, +3.1, +0.3,         0
+1.2315286E-01, +3.4, +0.4,         0
+1.2074547E-01, +3.5, +0.8,         0
+1.1135304E-01, +3.4, +0.9,         0
+1.2969340E-01, +3.8, +0.7,         0
+1.2238376E-01, +3.9, +0.7,         0
+1.2539825E-01, +3.0, +0.9,         0
+1.2471290E-01, +3.4, +0.6,         0
+1.3568869E-01, +3.2, +1.3,         0
+1.3135026E-01, +3.5, +1.1,         0
+1.2254246E-01, +3.9, +1.1,         0
+1.2520745E-01, +3.8, +1.2,         0
+1.1878839E-01, +3.8, +0.6,         0
+1.1341453E-01, +4.3, +1.0,         0
+1.2299451E-01, +4.4, +1.5,         0
+1.2687536E-01, +4.5, +1.5,         0
+1.3138406E-01, +4.0, +1.9,         0
+1.3649914E-01, +4.6, +0.6,         0
+1.2990734E-01, +4.5, +1.3,         0
+1.2077720E-01, +4.9, +1.9,         0
+1.2941816E-01, +4.6, +1.4,         0
+1.3567479E-01, +4.5, +1.7,         0
+1.2202505E-01, +4.6, +1.7,         0
+1.0355102E-01, +5.2, +1.4,         0
+1.4071004E-01, +5.0, +1.7,         0
+1.3881195E-01, +5.1, +1.7,         0
+1.3328470E-01, +5.1, +2.0,         0
+1.3246411E-01, +5.0, +2.0,         0
+1.1691063E-01, +5.3, +1.8,         0
+1.2576751E-01, +5.4, +2.1,         0
+1.2599444E-01, +5.5, +1.7,         0
+1.2381746E-01, +5.1, +1.3,         0
+1.2030812E-01, +5.4, +2.0,         0
+1.2512657E-01, +5.2, +1.7,         0
+1.2104107E-01, +5.0, +1.5,         0
+1.3415533E-01, +5.2, +1.5,         0
+1.4547223E-01, +5.8, +1.5,         0
+1.2727062E-01, +5.9, +1.5,         0
+1.4401492E-01, +6.3, +1.3,         0
+1.3273846E-01, +6.4, +1.2,         0
+1.2240080E-01, +6.3, +1.4,         0
+1.3259432E-01, +6.4, +0.8,         0
+1.1807135E-01, +6.7, +1.0,         0
+1.2519473E-01, +6.7, +0.7,         0
+1.3594830E-01, +6.7, +1.0,         0
+1.1762656E-01, +6.7, +0.3,         0
+1.3634767E-01, +6.4, +0.5,         0
+1.2553312E-01, +6.4, +0.8,         0
+1.2442054E-01, +7.2, +0.6,         0
+1.3205954E-01, +6.7, +0.9,         0
+1.2761688E-01, +6.6, +0.9,         0
+1.1982629E-01, +6.9, +0.1,         0
+1.2204288E-01, +7.0, +0.5,         0
+1.1913602E-01, +6.4, +0.5,         0
+1.1975824E-01, +6.9, +1.0,         0
+1.3376668E-01, +6.4, +1.4,         0
+1.2853387E-01, +6.5, +1.4,         0
+1.2016676E-01, +6.6, +1.2,         0
+1.3002431E-01, +6.8, +1.5,         0
+1.3865152E-01, +6.6, +1.7,         0
+1.3499194E-01, +6.3, +1.3,         0
+1.2426329E-01, +6.5, +1.4,         0
+1.2729946E-01, +6.7, +1.0,         0
+1.2132407E-01, +6.7, +1.9,         0
+1.2080339E-01, +7.1, +1.3,         0
+1.2170918E-01, +7.6, +1.1,         0
+1.2116669E-01, +7.1, +0.9,         0
+1.2525125E-01, +6.8, +1.3,         0
+1.2522334E-01, +6.9, +1.2,         0
+1.2782650E-01, +7.2, +1.3,         0
+1.3082521E-01, +6.6, +1.4,         0
+1.1103333E-01, +6.6, +1.7,         0
+1.2455843E-01, +6.6, +1.2,         0
+1.1002454E-01, +7.1, +1.0,         0
+1.2953627E-01, +6.7, +1.5,         0
+1.3065389E-01, +6.8, +1.4,         0
+1.4882325E-01, +6.8, +1.1,         0
+1.4131291E-01, +7.0, +1.6,         0
+1.3721871E-01, +8.0, +1.3,         0
+1.4247653E-01, +7.7, +1.3,         0
+1.3991693E-01, +7.4, +0.9,         0
+1.3338156E-01, +7.4, +1.3,         0
+1.5038221E-01, +7.5, +1.0,         0
+1.2854680E-01, +8.0, +1.0,         0
+1.4376147E-01, +7.4, +1.8,         0
+1.2444884E-01, +7.9, +1.9,         0
+1.2986664E-01, +7.9, +1.4,         0
+1.2031413E-01, +7.9, +1.3,         0
+1.2134590E-01, +7.9, +1.3,         0
+1.2237029E-01, +8.2, +1.1,         0
+1.1560490E-01, +8.0, +1.1,         0
+1.3721400E-01, +7.5, +1.5,         0
+1.1165499E-01, +7.9, +1.1,         0
+1.4554626E-01, +7.3, +1.4,         0
+1.2884089E-01, +7.7, +1.4,         0
+1.3764842E-01, +8.0, +1.2,         0
+1.1569219E-01, +8.1, +0.7,         0
+1.2869975E-01, +8.1, +1.6,         0
+1.3063353E-01, +7.9, +0.9,         0
+1.4315405E-01, +8.2, +1.1,         0
+1.2480703E-01, +7.8, +0.8,         0
+1.3541649E-01, +7.6, +1.3,         0
+1.2031276E-01, +8.0, +1.5,         0
+1.2624806E-01, +8.2, +1.1,         0
+1.3138498E-01, +7.5, +0.9,         0
+1.2962593E-01, +8.2, +1.4,         0
+1.1851650E-01, +7.7, +0.9,         0
+9.7461328E-02, +7.7, +0.9,         0
+1.2373078E-01, +7.5, +0.7,         0
+1.2384813E-01, +7.3, +1.0,         0
+1.1139832E-01, +8.7, +0.8,         0
+1.2162273E-01, +7.6, +0.7,         0
+1.3703297E-01, +7.4, +0.6,         0
+1.2766524E-01, +7.8, +0.9,         0
+1.3513474E-01, +6.9, +1.2,         0
+1.2193191E-01, +7.9, +1.5,         0
+1.4095554E-01, +7.6, +0.8,         0
+1.2745930E-01, +7.8, +0.3,         0
+1.3093728E-01, +7.7, +1.0,         0
+1.1873715E-01, +7.7, +1.9,         0
+1.2958133E-01, +7.3, +0.9,         0
+1.2674712E-01, +7.2, +1.2,         0
+1.2683490E-01, +8.0, +0.9,         0
+1.0343997E-01, +7.3, +0.5,         0
+1.2192140E-01, +8.1, +0.6,         0
+1.2436464E-01, +8.1, +0.8,         0
+1.3123706E-01, +7.3, +0.8,         0
+1.2098827E-01, +7.6, +0.9,         0
+1.5071133E-01, +7.7, +0.9,         0
+1.2672038E-01, +7.7, +0.4,         0
+1.2685055E-01, +7.0, +0.3,         0
+1.0756177E-01, +7.0, +0.4,         0
+1.0590775E-01, +6.7, +0.9,         0
+1.0838155E-01, +6.5, +0.5,         0
+1.0942108E-01, +6.2, +0.5,         0
+1.2746382E-01, +6.7, +0.2,         0
+1.1446678E-01, +6.2, -0.2,         0
+1.3343370E-01, +6.0, +0.0,         0
+1.2734455E-01, +6.0, +0.1,         0
+1.1746722E-01, +5.0, -0.9,         0
+1.1802084E-01, +5.4, -0.2,         0
+1.2169491E-01, +4.2, -1.7,         0
+1.1013392E-01, +4.3, -1.0,         0
+1.3861395E-01, +4.0, -1.0,         0
+1.2277554E-01, +4.3, -1.0,         0
+1.0259299E-01, +4.4, -1.2,         0
+1.2070598E-01, +4.0, -1.5,         0
+1.0521683E-01, +4.2, -1.9,         0
+1.1900996E-01, +4.1, -1.1,         0
+1.1534227E-01, +3.9, -0.5,         0
+1.1923446E-01, +3.9, -0.7,         0
+1.1483963E-01, +4.5, -0.6,         0
+1.2217855E-01, +4.4, -0.8,         0
+1.3664681E-01, +4.6, -1.0,         0
+1.2661260E-01, +4.9, -0.4,         0
+1.3958120E-01, +4.5, -0.4,         0
+1.3256055E-01, +4.6, +0.3,         0
+1.1640974E-01, +4.0, -0.7,         0
+1.2264630E-01, +5.5, -0.5,         0
+1.2904239E-01, +4.9, -0.7,         0
+1.2772638E-01, +4.6, -1.1,         0
+1.3695477E-01, +4.9, -1.1,         0
+1.1443252E-01, +4.7, -0.7,         0
+1.1623154E-01, +5.0, -0.6,         0
+1.1719517E-01, +5.4, -0.9,         0
+1.2277694E-01, +4.2, -0.9,         0
+1.4129570E-01, +4.4, -0.9,         0
+1.1918670E-01, +4.6, -1.2,         0
+1.2341173E-01, +4.6, -0.6,         0
+1.1221200E-01, +4.7, -0.3,         0
+1.2529288E-01, +4.9, -0.9,         0
+1.2248984E-01, +4.0, -1.0,         0
+1.1561002E-01, +4.0, -0.8,         0
+1.1601692E-01, +4.5, -0.6,         0
+1.2161728E-01, +4.6, -1.4,         0
+1.2413444E-01, +4.8, -0.9,         0
+1.3539000E-01, +4.6, -0.7,         0
+1.2981074E-01, +4.2, -0.7,         0
+1.1813964E-01, +4.8, -0.7,         0
+1.1511572E-01, +4.8, -0.4,         0
+1.1547633E-01, +4.4, -1.3,         0
+1.1198091E-01, +4.1, -1.4,         0
+1.1807215E-01, +4.7, -0.5,         0
+1.2898676E-01, +4.7, -0.4,         0
+1.3114651E-01, +4.3, -1.2,         0
+1.1775975E-01, +4.2, -0.7,         0
+1.1713264E-01, +4.4, -0.3,         0
+1.3853322E-01, +4.4, +0.5,         0
+1.3113800E-01, +3.3, -0.6,         0
+1.2556796E-01, +3.0, -0.4,         0
+1.2599625E-01, +3.9, -0.6,         0
+1.1722730E-01, +4.2, -0.8,         0
+1.1845395E-01, +4.5, -0.8,         0
+1.1443114E-01, +3.9, -0.6,         0
+1.2420915E-01, +3.6, -0.9,         0
+1.0364630E-01, +4.1, -0.3,         0
+1.1193562E-01, +4.0, -0.2,         0
+1.2728563E-01, +3.4, -0.1,         0
+1.2120247E-01, +3.4, -0.7,         0
+1.2104560E-01, +3.8, -0.3,         0
+1.2397876E-01, +3.9, -0.4,         0
+1.2382475E-01, +4.0, -0.8,         0
+1.4489168E-01, +3.9, -0.5,         0
+1.1914699E-01, +3.8, -0.5,         0
+1.1799900E-01, +3.5, -0.2,         0
+1.1268272E-01, +3.8, -0.5,         0
+1.1886551E-01, +3.2, -0.3,         0
+1.2174132E-01, +3.2, -0.5,         0
+1.2924340E-01, +2.6, -0.9,         0
+1.2463658E-01, +3.0, -1.7,         0
+1.0947488E-01, +3.7, -1.8,         0
+1.1946904E-01, +2.8, -1.5,         0
+1.2547514E-01, +2.5, -1.4,         0
+1.2131819E-01, +2.5, -1.2,         0
+1.2167652E-01, +2.1, -0.8,         0
+1.1365388E-01, +2.3, -1.1,         0
+1.1883728E-01, +2.7, -0.7,         0
+1.2321410E-01, +2.5, -0.7,         0
+1.1745175E-01, +3.0, -1.0,         0
+1.2101229E-01, +3.0, -0.8,         0
+1.2901881E-01, +3.4, -0.7,         0
+1.2660362E-01, +3.8, -1.0,         0
+1.2395948E-01, +4.1, -0.5,         0
+1.1682454E-01, +4.9, -0.2,         0
+1.4008000E-01, +4.5, -0.7,         0
+1.3203961E-01, +5.0, -0.9,         0
+1.1515080E-01, +5.7, -0.5,         0
+1.2691608E-01, +5.4, -0.5,         0
+1.3499205E-01, +5.7, -0.4,         0
+1.2752537E-01, +5.9, -0.6,         0
+1.3263120E-01, +5.9, -0.3,         0
+1.2528034E-01, +5.8, -0.4,         0
+1.2330589E-01, +5.9, -0.2,         0
+1.1671169E-01, +5.7, -0.3,         0
+1.2118366E-01, +5.5, -0.2,         0
+1.1342371E-01, +5.7, -0.2,         0
+1.2288689E-01, +5.3, +0.1,         0
+1.3133606E-01, +5.1, +0.0,         0
+1.1531138E-01, +5.5, -0.5,         0
+1.3060310E-01, +5.1, -0.1,         0
+1.3490999E-01, +5.7, +0.5,         0
+1.1576812E-01, +5.8, -0.1,         0
+1.3314971E-01, +6.0, +0.2,         0
+1.1152788E-01, +6.4, +0.1,         0
+1.2577316E-01, +6.1, +0.1,         0
+1.2370846E-01, +6.2, +0.4,         0
+1.2049338E-01, +6.1, +0.1,         0
+1.2346780E-01, +6.1, +0.2,         0
+1.3175447E-01, +6.2, +0.7,         0
+1.2924483E-01, +6.0, +0.4,         0
+1.1483822E-01, +6.4, -0.1,         0
+1.1205979E-01, +6.5, +0.4,         0
+1.3226637E-01, +6.3, +0.2,         0
+1.1334535E-01, +7.1, -0.2,         0
+1.4100157E-01, +6.4, +0.3,         0
+1.2827036E-01, +7.0, +0.2,         0
+1.1665079E-01, +6.8, +0.8,         0
+1.3259745E-01, +6.7, +0.5,         0
+1.3861528E-01, +7.1, +0.8,         0
+1.2367205E-01, +7.2, +0.8,         0
+1.1905842E-01, +6.9, +0.7,         0
+1.2295815E-01, +7.3, +0.5,         0
+1.2784019E-01, +6.4, +0.5,         0
+1.1419746E-01, +6.3, +0.5,         0
+1.1500451E-01, +6.5, +0.7,         0
+1.2121174E-01, +6.8, +0.8,         0
+1.2356004E-01, +6.6, +0.3,         0
+1.2036078E-01, +6.9, +0.3,         0
+1.2059361E-01, +6.6, +0.3,         0
+1.2827042E-01, +6.6, +0.3,         0
+1.3322322E-01, +6.4, +0.6,         0
+1.0768367E-01, +6.1, +0.5,         0
+1.2098501E-01, +7.1, +0.8,         0
+1.3807353E-01, +7.2, +0.3,         0
+1.1940850E-01, +7.5, +0.5,         0
+1.2988771E-01, +6.5, +0.6,         0
+1.3184577E-01, +6.7, +0.7,         0
+1.2105347E-01, +6.8, -0.1,         0
+1.2495657E-01, +7.3, +0.6,         0
+1.2849855E-01, +7.0, +0.5,         0
+1.1654580E-01, +7.1, +1.0,         0
+1.2842394E-01, +7.1, +0.2,         0
+1.2100771E-01, +7.6, +1.1,         0
+1.1627813E-01, +7.5, +0.4,         0
+1.3273573E-01, +6.9, +0.9,         0
+1.2468113E-01, +6.9, +0.4,         0
+1.2435164E-01, +7.1, +1.1,         0
+1.3019678E-01, +6.5, +0.7,         0
+1.1713672E-01, +7.1, +0.8,         0
+1.2420756E-01, +7.5, +1.0,         0
+1.2443475E-01, +6.9, +0.7,         0
+1.4040589E-01, +7.2, +0.8,         0
+1.1624378E-01, +7.2, +0.3,         0
+1.1875490E-01, +7.6, +0.6,         0
+1.2878451E-01, +7.1, +0.7,         0
+1.3476223E-01, +7.4, +1.5,         0
+1.3423011E-01, +7.2, +0.8,         0
+1.2178110E-01, +7.8, +0.7,         0
+1.1859030E-01, +7.5, +0.7,         0
+1.2564203E-01, +7.4, +0.9,         0
+1.2587349E-01, +7.4, +1.0,         0
+1.2526818E-01, +7.7, +0.6,         0
+1.3228565E-01, +7.5, +0.9,         0
+1.3186638E-01, +7.6, +1.0,         0
+1.1411487E-01, +8.0, +1.1,         0
+1.3110167E-01, +7.7, +0.6,         0
+1.1713929E-01, +8.1, +1.0,         0
+1.2509100E-01, +7.6, +1.1,         0
+1.2300862E-01, +7.2, +1.2,         0
+1.1949174E-01, +7.8, +0.8,         0
+1.3438308E-01, +7.0, +0.7,         0
+1.1449732E-01, +7.3, +1.6,         0
+1.3446988E-01, +7.7, +0.6,         0
+1.3174434E-01, +7.3, +1.2,         0
+1.2993154E-01, +7.4, +0.8,         0
+1.1973567E-01, +8.0, +1.1,         0
+1.2091213E-01, +7.8, +0.8,         0
+1.2854008E-01, +7.6, +1.2,         0
+1.2512092E-01, +7.8, +0.8,         0
+1.1596211E-01, +7.7, +0.9,         0
+1.1571816E-01, +7.4, +1.2,         0
+1.2571359E-01, +7.5, +1.1,         0
+1.2444200E-01, +8.0, +0.4,         0
+1.3143732E-01, +7.7, +0.5,         0
+1.3216440E-01, +7.4, +1.1,         0
+1.2784840E-01, +7.7, +0.9,         0
+1.2163421E-01, +7.4, +0.8,         0
+1.1526236E-01, +7.8, +1.0,         0
+1.1877288E-01, +7.0, +1.4,         0
+1.2434597E-01, +7.0, +0.8,         0
+1.4170209E-01, +7.2, +1.5,         0
+1.1547265E-01, +7.5, +1.2,         0
+1.2689792E-01, +7.4, +1.2,         0
+1.3406226E-01, +7.8, +0.5,         0
+1.2118610E-01, +7.3, +0.9,         0
+1.1736055E-01, +7.6, +1.0,         0
+1.1710409E-01, +7.6, +1.4,         0
+1.0859831E-01, +7.3, +1.7,         0
+1.0865217E-01, +7.1, +1.6,         0
+1.1936034E-01, +7.5, +1.4,         0
+1.2569021E-01, +7.4, +1.5,         0
+1.3499761E-01, +7.3, +1.6,         0
+1.2607053E-01, +7.1, +1.2,         0
+1.2849458E-01, +7.0, +0.8,         0
+1.2078708E-01, +6.7, +1.3,         0
+1.2885939E-01, +7.1, +0.9,         0
+1.1315958E-01, +7.1, +0.9,         0
+1.1757562E-01, +7.4, +1.3,         0
+1.3325576E-01, +6.3, +0.9,         0
+1.1156242E-01, +6.9, +1.7,         0
+1.0996500E-01, +7.4, +1.2,         0
+1.2709205E-01, +6.9, +1.6,         0
+1.3198304E-01, +7.2, +1.1,         0
+1.2555422E-01, +6.6, +0.8,         0
+1.2594774E-01, +7.3, +1.7,         0
+1.1553806E-01, +7.5, +1.1,         0
+1.2544413E-01, +6.9, +1.6,         0
+1.2305048E-01, +7.2, +1.3,         0
